S.No,name,isAlive,probability_death,probability_survival
1,Viserys II Targaryen,0,1.000000,0.000000
2,Walder Frey,1,0.375000,0.625000
3,Addison Hill,1,0.040000,0.960000
4,Aemma Arryn,0,0.595000,0.405000
5,Sylva Santagar,1,0.030000,0.970000
6,Tommen Baratheon,1,0.854638,0.145362
7,Valarr Targaryen,0,0.935000,0.065000
8,Viserys I Targaryen,0,0.854638,0.145362
9,Wilbert,0,0.562512,0.437488
10,Wilbert Osgrey,1,0.375917,0.624083
11,Will,0,0.734375,0.265625
12,Will (orphan),1,0.005000,0.995000
13,Will (squire),1,0.777298,0.222702
14,Will (Standfast),1,0.030000,0.970000
15,Will (Treb),1,0.000000,1.000000
16,Will Humble,1,0.001250,0.998750
17,Willam,1,0.000000,1.000000
18,Willem Wylde,1,0.685000,0.315000
19,Willifer,1,0.000000,1.000000
20,Willit,1,0.165571,0.834429
21,Willis Wode,1,0.117917,0.882083
22,Willis Fell,1,0.145000,0.855000
23,Willow Heddle,1,0.010000,0.990000
24,Willum,1,0.162500,0.837500
25,Wolmer,1,0.032550,0.967450
26,Willow Witch-eye,0,0.931188,0.068812
27,Woth,0,0.939773,0.060227
28,Wulfe,1,0.375000,0.625000
29,Wyl the Whittler,1,0.257976,0.742024
30,Wyl (guard),0,0.638319,0.361681
31,Wyl Waynwood,0,0.810000,0.190000
32,Wun Weg Wun Dar Wun,1,0.205249,0.794751
33,Wylla,1,0.185000,0.815000
34,Wynafryd Manderly,1,0.080000,0.920000
35,Xhondo,1,0.000000,1.000000
36,Ygon Farwynd,1,0.020000,0.980000
37,Yna,1,0.045000,0.955000
38,Yohn Farwynd,1,0.000000,1.000000
39,Yorkel,1,0.125000,0.875000
40,Yorko Terys,1,0.000000,1.000000
41,Yormwell,1,0.010000,0.990000
42,Young Henly,0,0.960319,0.039681
43,Ysilla,1,0.065584,0.934416
44,Zarabelo,1,0.000000,1.000000
45,Zei,1,0.053542,0.946458
46,Zekko,1,0.351792,0.648208
47,Zharaq zo Loraq,1,0.065000,0.935000
48,Wenda,1,0.000000,1.000000
49,Wex Pyke,1,0.130000,0.870000
50,Timett,1,0.430000,0.570000
51,Joffrey Baratheon,0,0.950596,0.049404
52,Laenor Velaryon,0,0.935000,0.065000
53,Leobald Tallhart,0,0.438333,0.561667
54,Maegor I Targaryen,0,0.777298,0.222702
55,Margaery Tyrell,1,0.060000,0.940000
56,Naerys Targaryen,0,0.990000,0.010000
57,Quence,1,0.000000,1.000000
58,Quellon Botley,1,0.000000,1.000000
59,Quellon Greyjoy,0,0.650000,0.350000
60,Quentyn Blackwood,0,0.970000,0.030000
61,Quenton Greyjoy,1,0.005000,0.995000
62,Quhuru Mo,1,0.121429,0.878571
63,Quickfinger,1,0.067412,0.932588
64,Quill,1,0.000000,1.000000
65,Quentin Tyrell,1,0.050000,0.950000
66,Quort,0,0.815571,0.184429
67,Qyle,0,0.939773,0.060227
68,Rafe,1,0.000000,1.000000
69,Racallio Ryndoon,1,0.202000,0.798000
70,Ragnor Pyke,1,0.100000,0.900000
71,Rainbow Knight,1,0.010000,0.990000
72,Randa,1,0.257976,0.742024
73,Rast,0,0.717688,0.282312
74,Rawney,1,0.006667,0.993333
75,Raymar Royce,1,0.101190,0.898810
76,Raymond Nayland,1,0.055000,0.945000
77,Raymund Tyrell,1,0.000000,1.000000
78,Red Oarsman,1,0.000000,1.000000
79,Red Lamb,1,0.601250,0.398750
80,Redtusk,1,0.000000,1.000000
81,Red Rolfe,0,0.962000,0.038000
82,Redwyn,1,0.045000,0.955000
83,Reynard Webber,1,0.059000,0.941000
84,Reysen,1,0.939773,0.060227
85,Rhaegel Targaryen,0,0.995000,0.005000
86,Rhaena Targaryen (daughter of Daemon),0,0.963750,0.036250
87,Rhaena Targaryen (daughter of Aegon III),0,0.990000,0.010000
88,Rhaenys Targaryen,0,0.985000,0.015000
89,Rhaenys Targaryen (daughter of Rhaegar),0,0.800000,0.200000
90,Rhialta Vance,1,0.005000,0.995000
91,Rhaenys Targaryen (daughter of Aemon),0,0.995000,0.005000
92,Rhonda Rowan,1,0.015000,0.985000
93,Richard Farrow,0,0.925000,0.075000
94,Richard Lonmouth,1,0.185000,0.815000
95,Rigney,1,0.000000,1.000000
96,Rob,1,0.000000,1.000000
97,Rickard Tyrell,1,0.000000,1.000000
98,Robb Reyne,1,0.049595,0.950405
99,Robert Ashford,1,0.095000,0.905000
100,Robert Brax (son of Flement),1,0.035000,0.965000
101,Robert Paege,1,0.110000,0.890000
102,Robb Stark,0,0.910000,0.090000
103,Robin,1,0.000000,1.000000
104,Robert Frey (son of Raymund),1,0.000000,1.000000
105,Robin Greyjoy,1,0.005000,0.995000
106,Robin Hollard,1,0.105000,0.895000
107,Rodrik Freeborn,1,0.005000,0.995000
108,Roelle,1,0.000000,1.000000
109,Rodrik Stark (son of Beron),1,0.045625,0.954375
110,Roger of Pennytree,0,0.777298,0.222702
111,Roggo,1,0.000000,1.000000
112,Roger Ryswell,1,0.005000,0.995000
113,Rolder,1,0.132341,0.867659
114,Roland Crakehall (Kingsguard),1,0.165000,0.835000
115,Rolfe,1,0.052792,0.947208
116,Rolland Darklyn,1,0.095000,0.905000
117,Rollam Westerling,1,0.140000,0.860000
118,Romny Weaver,1,0.000000,1.000000
119,Ronald Storm,1,0.005000,0.995000
120,Ronnel Stout,1,0.060000,0.940000
121,Ronnel Harclay,1,0.464897,0.535103
122,Roone,1,0.035000,0.965000
123,Roone (maester),1,0.000000,1.000000
124,Roryn Drumm,1,0.035000,0.965000
125,Roose Ryswell,1,0.131250,0.868750
126,Rosamund Lannister,1,0.005000,0.995000
127,Rosey,1,0.025000,0.975000
128,Rowan,0,0.542417,0.457583
129,Rudge,1,0.029583,0.970417
130,Runciter,0,0.499607,0.500393
131,Rupert Crabb,1,0.040000,0.960000
132,Rus,1,0.016667,0.983333
133,Rusty Flowers,1,0.057432,0.942568
134,Ryam,1,0.000000,1.000000
135,Ryk,1,0.169500,0.830500
136,Ryles,0,0.810000,0.190000
137,Rymolf,1,0.108083,0.891917
138,S'vrone,1,0.026250,0.973750
139,Saathos,1,0.071333,0.928667
140,Sailor's Wife,1,0.042917,0.957083
141,Sallor,0,0.276250,0.723750
142,Salloreon,1,0.132083,0.867917
143,Sam Stoops,1,0.000000,1.000000
144,Samwell Spicer,1,0.120000,0.880000
145,Sargon Botley,1,0.000000,1.000000
146,Scarb,1,0.000000,1.000000
147,Sawwood,1,0.744908,0.255092
148,Sedgekins,1,0.257976,0.742024
149,Sefton Staunton,1,0.087777,0.912223
150,Serra,1,0.060000,0.940000
151,Sharna,1,0.017250,0.982750
152,Shella,1,0.010000,0.990000
153,Sherrit,1,0.032500,0.967500
154,Shortear,1,0.029167,0.970833
155,Shyra,1,0.000000,1.000000
156,Sigfry Stonetree,1,0.000000,1.000000
157,Sigrin,1,0.040000,0.960000
158,Simon Leygood,1,0.110000,0.890000
159,Sky Blue Su,1,0.000000,1.000000
160,Skinner,1,0.045000,0.955000
161,Skittrick,1,0.025000,0.975000
162,Skyte,1,0.013333,0.986667
163,Sloey,1,0.000000,1.000000
164,Spare Boot,1,0.158674,0.841326
165,Softfoot,0,0.744908,0.255092
166,Spotted Pate of Maidenpool,0,0.744908,0.255092
167,Squint,0,0.995000,0.005000
168,Squirrel,0,0.931188,0.068812
169,Steffarion Sparr,1,0.000000,1.000000
170,Stafford Lannister,0,0.885000,0.115000
171,Steffon Fossoway,1,0.305000,0.695000
172,Steffon Hollard,1,0.115000,0.885000
173,Stannis Baratheon,1,0.544131,0.455869
174,Steffon Varner,1,0.202500,0.797500
175,Stone Thumbs,0,1.000000,0.000000
176,Stonehand,1,0.000000,1.000000
177,Sybassion,1,0.142841,0.857159
178,Sylas,0,0.895000,0.105000
179,Symon Stripeback,1,0.028333,0.971667
180,Symond Botley,1,0.000000,1.000000
181,Tagganaro,1,0.000000,1.000000
182,Tal Toraq,1,0.055000,0.945000
183,Talea,1,0.000000,1.000000
184,Talla Tarly,1,0.050000,0.950000
185,Tansy,1,0.000000,1.000000
186,Tansy (orphan),1,0.000000,1.000000
187,Tarber,1,0.479442,0.520558
188,Terrance Lynderly,1,0.005000,0.995000
189,Terro,1,0.000000,1.000000
190,Theo Frey,1,0.141250,0.858750
191,Theobald,1,0.010000,0.990000
192,Thistle,0,0.931188,0.068812
193,Theon Stark,1,0.057552,0.942448
194,Thormor Ironmaker,1,0.000000,1.000000
195,Tim Stone,1,0.030000,0.970000
196,Timon,1,0.192500,0.807500
197,Timett (father),1,0.160000,0.840000
198,Timoth,1,0.005000,0.995000
199,Tobbot,1,0.145000,0.855000
200,Toefinger,1,0.001667,0.998333
201,Todric,0,0.052792,0.947208
202,Tom Costayne,1,0.045000,0.955000
203,TomToo,1,0.025000,0.975000
204,Tommard Heddle,0,0.944000,0.056000
205,Toregg,1,0.306115,0.693885
206,Torrek,1,0.015000,0.985000
207,Tothmure,0,0.845000,0.155000
208,Torrhen Stark,1,0.057552,0.942448
209,Tregar,0,0.822451,0.177549
210,Tregar Ormollen,1,0.020000,0.980000
211,Tristan Ryger,1,0.035000,0.965000
212,Tristifer V Mudd,1,0.777298,0.222702
213,Tristimun,1,0.045000,0.955000
214,Tristifer IV Mudd,0,0.777298,0.222702
215,Tuffleberry,1,0.156806,0.843194
216,Tumberjon,1,0.825872,0.174128
217,Tumco Lho,1,0.075000,0.925000
218,Turnip,1,0.240000,0.760000
219,Turquin,1,0.015000,0.985000
220,Tybero Istarion,1,0.020000,0.980000
221,Tymor,1,0.962000,0.038000
222,Ulf the Ill,0,0.345000,0.655000
223,Tywin Frey (son of Raymund),1,0.040000,0.960000
224,Uller,1,0.010000,0.990000
225,Umar,1,0.074000,0.926000
226,Umfred,1,0.017381,0.982619
227,Umma,1,0.010000,0.990000
228,Urreg,1,0.315698,0.684302
229,Urek Ironmaker,1,0.000000,1.000000
230,Urrathon,1,0.015000,0.985000
231,Urzen,1,0.040000,0.960000
232,Urron Greyiron,1,0.247264,0.752736
233,Urrigon Greyjoy,1,0.020000,0.980000
234,Uthor Underleaf,0,0.985000,0.015000
235,Utt,0,0.620754,0.379246
236,Vaellyn,1,0.000000,1.000000
237,Varly,0,0.825000,0.175000
238,Veiled Lady,1,0.000000,1.000000
239,Vickon Botley,1,0.000000,1.000000
240,Violet,1,0.000000,1.000000
241,Victor Tyrell,1,0.050000,0.950000
242,Walda Frey (daughter of Lothar),1,0.000000,1.000000
243,Walda Frey (daughter of Edwyn),1,0.000000,1.000000
244,Walda Frey (daughter of Rhaegar),1,0.154000,0.846000
245,Walda Frey (daughter of Walton),1,0.064167,0.935833
246,Walda Frey (daughter of Merrett),1,0.085000,0.915000
247,Walda Rivers (daughter of Aemon),1,0.066256,0.933744
248,Walder Frey (son of Jammos),1,0.156579,0.843421
249,Walder Frey (son of Emmon),1,0.125000,0.875000
250,Walder Frey (son of Ryman),1,0.255000,0.745000
251,Walder Frey (son of Merrett),0,0.161579,0.838421
252,Wallen,0,0.531512,0.468488
253,Walton,1,0.160000,0.840000
254,Walys Flowers,0,0.130000,0.870000
255,Wat (Barleycorn),1,0.000000,1.000000
256,Blue Bard,1,0.035000,0.965000
257,Wat (orphan),1,0.005000,0.995000
258,Wat (sailor),1,0.005000,0.995000
259,Wat (Standfast),1,0.030000,0.970000
260,Wat (Wet),1,0.000000,1.000000
261,Wate,1,0.125000,0.875000
262,Watt,0,0.744908,0.255092
263,Wayn (guard),1,0.246417,0.753583
264,Weasel,1,0.201075,0.798925
265,Wendell Webber,1,0.032929,0.967071
266,Wendello Qar Deeth,1,0.005000,0.995000
267,Werlag,1,0.345000,0.655000
268,Rafford,0,0.820000,0.180000
269,Jhogo,1,0.070000,0.930000
270,Sour Alyn,1,0.045000,0.955000
271,Tobho Mott,1,0.143750,0.856250
272,Zollo,1,0.170000,0.830000
273,Tanda Stokeworth,0,0.790000,0.210000
274,Samwell Tarly,1,0.140000,0.860000
275,Abelar Hightower,1,0.570845,0.429155
276,Addam Frey,1,0.218929,0.781071
277,Addam,1,0.000000,1.000000
278,Addam Osgrey,0,0.180000,0.820000
279,Aegon Frey (son of Aenys),1,0.886573,0.113427
280,Aegon Frey (son of Stevron),0,0.881573,0.118427
281,Aegon I Targaryen,0,0.998571,0.001429
282,Aegon II Targaryen,0,1.000000,0.000000
283,Aegon IV Targaryen,0,1.000000,0.000000
284,Aegon Targaryen (son of Baelon),1,0.385000,0.615000
285,Aegon III Targaryen,0,0.922917,0.077083
286,Aegon Targaryen (son of Jaehaerys I),0,0.955000,0.045000
287,Aegon Targaryen (son of Aenys I),0,0.870000,0.130000
288,Aegon Targaryen (son of Rhaegar),0,0.935000,0.065000
289,Aemon Costayne,1,0.063946,0.936054
290,Aenys I Targaryen,0,0.854638,0.145362
291,Aethan,1,0.825872,0.174128
292,Aethelmure,1,0.026250,0.973750
293,Aggar,0,0.995000,0.005000
294,Agrivane,1,0.000000,1.000000
295,Aerys I Targaryen,0,0.995000,0.005000
296,Alaric of Eysen,1,0.000000,1.000000
297,Aerys II Targaryen,0,1.000000,0.000000
298,Alebelly,0,0.450000,0.550000
299,Alequo Adarys,0,0.825000,0.175000
300,Alester Oakheart,1,0.090000,0.910000
301,Alia,1,0.000000,1.000000
302,All-for-Joffrey,0,0.479442,0.520558
303,Allaquo,1,0.000000,1.000000
304,Allyria Dayne,1,0.045000,0.955000
305,Alicent Hightower,0,0.878333,0.121667
306,Alyce,1,0.005000,0.995000
307,Alvyn Sharp,1,0.011250,0.988750
308,Alyn Hunt,1,0.040000,0.960000
309,Alys Arryn,1,0.050000,0.950000
310,Alysanne Bracken,1,0.020000,0.980000
311,Alyn Velaryon,0,0.845000,0.155000
312,Alysanne Osgrey,0,0.765000,0.235000
313,Alyssa Arryn,1,0.083750,0.916250
314,Alysanne Hightower,1,0.005000,0.995000
315,Amabel,1,0.140000,0.860000
316,Ambrode,1,0.140000,0.860000
317,Andrey Dalt,1,0.015000,0.985000
318,Andrey Charlton,0,0.915000,0.085000
319,Argrave the Defiant,1,0.046679,0.953321
320,Armen,1,0.000000,1.000000
321,Arneld,1,0.160412,0.839588
322,Arnell,1,0.125000,0.875000
323,Arrec Durrandon,1,0.777298,0.222702
324,Arron,1,0.549201,0.450799
325,Arryk (guard),1,0.113673,0.886327
326,Arron Qorgyle,1,0.120000,0.880000
327,Arson,1,0.290667,0.709333
328,Aubrey Ambrose,1,0.036500,0.963500
329,Ayrmidon,1,0.176250,0.823750
330,Baelon Targaryen (son of Viserys I),0,0.900000,0.100000
331,Baelon Targaryen (son of Aerys),1,0.730000,0.270000
332,Balon Botley,1,0.000000,1.000000
333,Baelor Targaryen (son of Daeron II),0,0.960000,0.040000
334,Bandy,1,0.000000,1.000000
335,Bannen,0,0.700688,0.299312
336,Barre,1,0.136855,0.863145
337,Barbara Bracken,1,0.020000,0.980000
338,Barth (brewer),1,0.051667,0.948333
339,Bass,1,0.029583,0.970417
340,Bearded Ben,1,0.136531,0.863469
341,Becca,1,0.160744,0.839256
342,Beck,1,0.072500,0.927500
343,Belandra,1,0.000000,1.000000
344,Beldecar,1,0.000000,1.000000
345,Belis,1,0.050000,0.950000
346,Bellonara Otherys,1,0.000000,1.000000
347,Bella,1,0.046667,0.953333
348,Ben,1,0.015000,0.985000
349,Ben Blackthumb,1,0.120833,0.879167
350,Ben Bones,1,0.045000,0.955000
351,Ben Bushy,0,0.915000,0.085000
352,Benedict,1,0.000000,1.000000
353,Benjen Stark (Bitter),1,0.017500,0.982500
354,Benjen Stark (Sweet),1,0.017500,0.982500
355,Bennet,1,0.005000,0.995000
356,Bennis,1,0.375917,0.624083
357,Beqqo,1,0.000000,1.000000
358,Bennarion Botley,1,0.000000,1.000000
359,Beron Blacktyde,1,0.000000,1.000000
360,Bertram Beesbury,1,0.220000,0.780000
361,Bessa,1,0.000000,1.000000
362,Bessa (Winterfell),1,0.251000,0.749000
363,Bess Bracken,1,0.020000,0.980000
364,Bethany (Blushing Bethany),1,0.000000,1.000000
365,Bethany Fair-Fingers,1,0.000000,1.000000
366,Bharbo,1,0.201250,0.798750
367,Big Boil,1,0.319000,0.681000
368,Blind Doss,1,0.033500,0.966500
369,Blane,1,0.292922,0.707078
370,Bodger,1,0.000000,1.000000
371,Borcas,1,0.193429,0.806571
372,Bors,1,0.005000,0.995000
373,Borroq,1,0.542417,0.457583
374,Boy,1,0.035000,0.965000
375,Brandon Stark (Bad),1,0.005000,0.995000
376,Brandon Stark (Burner),1,0.030000,0.970000
377,Brandon Stark (the daughterless),1,0.036083,0.963917
378,Brandon Stark (son of Cregan),1,0.406766,0.593234
379,Brandon Stark (Shipwright),1,0.030000,0.970000
380,Brea,1,0.000000,1.000000
381,Brella,1,0.000000,1.000000
382,Brenett,1,0.075000,0.925000
383,Briar,1,0.005000,0.995000
384,Brogg,1,0.014167,0.985833
385,Brusco,1,0.045000,0.955000
386,Brown Bernarr,0,0.995000,0.005000
387,Bryan of Oldtown,1,0.052250,0.947750
388,Bryen,1,0.350000,0.650000
389,Buford Bulwer,1,0.047500,0.952500
390,Bump,1,0.089874,0.910126
391,Buu,1,0.010000,0.990000
392,Byan Votyris,1,0.105530,0.894470
393,Byam Flint,0,0.951667,0.048333
394,Byren Flowers,1,0.000000,1.000000
395,Byron,1,0.000000,1.000000
396,Cadwyl,1,0.040000,0.960000
397,Lord Cafferen,0,0.885000,0.115000
398,Calon,1,0.025000,0.975000
399,Cadwyn,1,0.492069,0.507931
400,Canker Jeyne,1,0.000000,1.000000
401,Carellen Smallwood,1,0.000000,1.000000
402,Cass,1,0.000000,1.000000
403,Carrot,1,0.005000,0.995000
404,Castos,1,0.000000,1.000000
405,Cedra,1,0.000000,1.000000
406,Catelyn Bracken,1,0.020000,0.980000
407,Cedric Payne,0,0.945000,0.055000
408,Cedrik Storm,1,0.030000,0.970000
409,Cerrick,1,0.078708,0.921292
410,Cetheres,1,0.000000,1.000000
411,Catelyn Stark,0,0.895083,0.104917
412,Cheyk,1,0.095000,0.905000
413,Chiggen,0,0.401932,0.598068
414,Clarence Crabb,1,0.015000,0.985000
415,Clarence Charlton,1,0.620000,0.380000
416,Clarence Crabb (Short),1,0.015000,0.985000
417,Clement,1,0.025000,0.975000
418,Cleyton Caswell,1,0.140000,0.860000
419,Clifford Conklyn,1,0.054179,0.945821
420,Colen of Greenpools,1,0.160238,0.839762
421,Collio Quaynis,1,0.087500,0.912500
422,Conn,0,0.151369,0.848631
423,Coratt,1,0.045000,0.955000
424,Cosgrove,1,0.115000,0.885000
425,Cossomo,1,0.000000,1.000000
426,Courtenay Greenhill,1,0.085000,0.915000
427,Cregan Karstark,1,0.070000,0.930000
428,Cutjack,1,0.599208,0.400792
429,Dacks,1,0.152262,0.847738
430,Daella Targaryen (daughter of Jaehaerys I),0,0.985000,0.015000
431,Daella Targaryen (daughter of Maekar I),0,1.000000,0.000000
432,Daenerys Targaryen (daughter of Aegon IV),0,0.830000,0.170000
433,Daeron I Targaryen,0,1.000000,0.000000
434,Daena Targaryen,0,0.995000,0.005000
435,Daeryssa,1,0.335000,0.665000
436,Daeron Targaryen (son of Viserys I),0,0.880000,0.120000
437,Dagon Ironmaker,1,0.000000,1.000000
438,Daeron Targaryen (son of Maekar I),0,0.815000,0.185000
439,Daeron II Targaryen,0,1.000000,0.000000
440,Dake,1,0.000000,1.000000
441,Dale Drumm,1,0.005000,0.995000
442,Dalla (Dragonstone),1,0.025000,0.975000
443,Damon Lannister (lord),0,0.970000,0.030000
444,Dan,1,0.001667,0.998333
445,Damon Lannister (son of Jason),1,0.255000,0.745000
446,Darla Deddings,1,0.356083,0.643917
447,Danos Slynt,1,0.050000,0.950000
448,Daughter of the Dusk,1,0.000000,1.000000
449,Del,0,0.750000,0.250000
450,Denestan,1,0.000000,1.000000
451,Denyo Terys,1,0.020000,0.980000
452,Dennis Plumm,1,0.010000,0.990000
453,Denys Drumm,1,0.000000,1.000000
454,Denys Redwyne,1,0.075000,0.925000
455,Denyse Hightower,1,0.005000,0.995000
456,Dhazzar,1,0.029167,0.970833
457,Dick Follard,0,0.744908,0.255092
458,Dickon Manwoody,1,0.014000,0.986000
459,Dobber,0,0.599208,0.400792
460,Donnel Drumm,1,0.000000,1.000000
461,Donel Greyjoy,1,0.005000,0.995000
462,Donella Hornwood,0,0.848333,0.151667
463,Donnel Hill,1,0.549201,0.450799
464,Donnis,1,0.638319,0.361681
465,Donyse,1,0.105417,0.894583
466,Dorcas,1,0.000000,1.000000
467,Dornish Dilly,0,0.825872,0.174128
468,Dorren Stark,1,0.017500,0.982500
469,Draqaz,1,0.029167,0.970833
470,Drennan,0,0.840000,0.160000
471,Dudley,1,0.562512,0.437488
472,Dryn,1,0.306115,0.693885
473,Dunaver,1,0.340000,0.660000
474,Durran,1,0.284835,0.715165
475,Dyah,1,0.000000,1.000000
476,Dykk Harlaw,0,0.830000,0.170000
477,Easy,0,0.744908,0.255092
478,Duncan Targaryen,0,0.605000,0.395000
479,Edgerran Oakheart,1,0.145000,0.855000
480,Eden Risley,1,0.067500,0.932500
481,Edmund Ambrose,1,0.060000,0.940000
482,Edwyn Osgrey,0,0.375917,0.624083
483,Eggon,1,0.221631,0.778369
484,Eglantine,1,0.000000,1.000000
485,Egon Emeros,1,0.068333,0.931667
486,Eldiss,1,0.076440,0.923560
487,Eldred Codd,1,0.000000,1.000000
488,Elaena Targaryen,0,0.995000,0.005000
489,Elys Westerling,1,0.285000,0.715000
490,Elyas Willum,1,0.172500,0.827500
491,Elza,0,0.765000,0.235000
492,Emma,1,0.025000,0.975000
493,Elys Waynwood,1,0.035000,0.965000
494,Emrick,1,0.549201,0.450799
495,Endehar,1,0.033333,0.966667
496,Emphyria Vance,1,0.005000,0.995000
497,Enger,1,0.693873,0.306127
498,Erik Ironmaker,1,0.090000,0.910000
499,Erreck,1,0.003333,0.996667
500,Erreg,1,0.037500,0.962500
501,Errok,1,0.001667,0.998333
502,Erryk (guard),1,0.113673,0.886327
503,Esgred,1,0.052792,0.947208
504,Eustace (Braavos),1,0.015000,0.985000
505,Eustace (Dance of the Dragons),1,0.038347,0.961653
506,Ezzara,1,0.106230,0.893770
507,Euron Greyjoy,1,0.395324,0.604676
508,Ezzelyno,1,0.045000,0.955000
509,Fern,1,0.000000,1.000000
510,Ferny,1,0.000000,1.000000
511,Ferret,1,0.000000,1.000000
512,Fogo,0,0.830000,0.170000
513,Fornio,1,0.744908,0.255092
514,Fralegg,1,0.014845,0.985155
515,Frenya,0,0.919683,0.080317
516,Frynne,1,0.085000,0.915000
517,Gage,1,0.134167,0.865833
518,Galladon of Morne,1,0.000000,1.000000
519,Gallard,1,0.000000,1.000000
520,Galt,1,0.020000,0.980000
521,Galtry the Green,1,0.000000,1.000000
522,Galyeon of Cuy,1,0.000000,1.000000
523,Gareth the Grey,1,0.000000,1.000000
524,Garigus,1,0.050000,0.950000
525,Garizon,1,0.000000,1.000000
526,Gariss,1,0.051667,0.948333
527,Garrett Paege,1,0.060000,0.940000
528,Garth XII Gardener,1,0.000000,1.000000
529,Garth of Oldtown,0,0.825872,0.174128
530,Gascoyne,1,0.005000,0.995000
531,Gavin,1,0.005000,0.995000
532,Gelmarr,0,0.995000,0.005000
533,Gerren,1,0.156806,0.843194
534,Gerold Lannister,0,0.970000,0.030000
535,Ghael,1,0.175000,0.825000
536,Gillam,1,0.000000,1.000000
537,Gladden Wylde,0,0.881667,0.118333
538,Glendon Flowers,0,0.985000,0.015000
539,Goady,1,0.266015,0.733985
540,Godwyn,1,0.805424,0.194576
541,Gormond Drumm,1,0.000000,1.000000
542,Gowen Baratheon,1,0.099268,0.900732
543,Grance Morrigen,1,0.044179,0.955821
544,Grazdan,0,0.905000,0.095000
545,Grazdan zo Galare,1,0.160000,0.840000
546,Green Gergen,1,0.777298,0.222702
547,Great Walrus,1,0.014167,0.985833
548,Gretchel,1,0.023333,0.976667
549,Grey King,1,0.247264,0.752736
550,Griffin King,1,0.284835,0.715165
551,Grigg,1,0.265000,0.735000
552,Grisel,1,0.017381,0.982619
553,Grisella,1,0.005000,0.995000
554,Gulian,1,0.000000,1.000000
555,Gulian Qorgyle,1,0.100000,0.900000
556,Gurn,1,0.005000,0.995000
557,Guyne,1,0.000000,1.000000
558,Gwayne Corbray,1,0.045000,0.955000
559,Gwayne Gaunt,1,0.100000,0.900000
560,Gwin Goodbrother,1,0.070000,0.930000
561,Gyles,1,0.055000,0.945000
562,Gyleno Dothare,1,0.000000,1.000000
563,Gyles Farwynd,1,0.000000,1.000000
564,Gwynesse Harlaw,1,0.061667,0.938333
565,Gyles Grafton,1,0.115000,0.885000
566,Gyloro Dothare,1,0.000000,1.000000
567,Gyles III Gardener,1,0.777298,0.222702
568,Gynir,0,0.995000,0.005000
569,Haggon,1,0.014167,0.985833
570,Gysella Goodbrother,1,0.070000,0.930000
571,Hali,0,0.909167,0.090833
572,Haldon,1,0.028333,0.971667
573,Harbert Paege,1,0.235000,0.765000
574,Hamish the Harper,0,0.770000,0.230000
575,Halys Hornwood,0,0.453318,0.546682
576,Harghaz,0,0.800000,0.200000
577,Hareth (Mole's Town),1,0.217741,0.782259
578,Harlan Grandison,0,0.870000,0.130000
579,Harle the Handsome,1,0.014167,0.985833
580,Harle the Huntsman,1,0.014167,0.985833
581,Harlon Botley,1,0.000000,1.000000
582,Harmund Sharp,1,0.030000,0.970000
583,Harlon Greyjoy,1,0.005000,0.995000
584,Harodon,1,0.000000,1.000000
585,Harra,0,0.870000,0.130000
586,Harrag Sharp,0,0.880000,0.120000
587,Harrag Hoare,1,0.247264,0.752736
588,Harren Half-Hoare,1,0.005000,0.995000
589,Harren Botley,0,0.435167,0.564833
590,Harrold Osgrey,1,0.375917,0.624083
591,Harry Sawyer,1,0.050000,0.950000
592,Harsley,0,0.715000,0.285000
593,Harwyn Hoare,1,0.777298,0.222702
594,Hayhead,1,0.075000,0.925000
595,Hazrak zo Loraq,1,0.065000,0.935000
596,Harwyn Plumm,1,0.010000,0.990000
597,Helicent Uffering,0,0.940000,0.060000
598,Helliweg,1,0.000000,1.000000
599,Helly,1,0.000000,1.000000
600,Helya,1,0.330000,0.670000
601,Henk,1,0.001667,0.998333
602,Henly (House Ashford),1,0.043750,0.956250
603,Herbert Bolling,1,0.140000,0.860000
604,Hendry Bracken,0,0.805000,0.195000
605,Heward,0,0.622962,0.377038
606,Hibald,1,0.000000,1.000000
607,Hilmar Drumm,1,0.000000,1.000000
608,Hod,1,0.599208,0.400792
609,Hoke,1,0.000000,1.000000
610,Holger,1,0.110000,0.890000
611,Hop-Robin,1,0.549201,0.450799
612,Hugh Beesbury,1,0.145000,0.855000
613,Humfrey Clifton,1,0.041500,0.958500
614,Hunnimore,1,0.010000,0.990000
615,Husband,1,0.020000,0.980000
616,Illifer,1,0.200000,0.800000
617,Ironbelly,1,0.059667,0.940333
618,Jaehaerys Targaryen (son of Aegon II),0,0.895000,0.105000
619,Jaehaera Targaryen,0,1.000000,0.000000
620,Jaggot,1,0.015000,0.985000
621,Jaehaerys II Targaryen,0,0.777298,0.222702
622,Jaime Frey,1,0.040000,0.960000
623,Jaehaerys I Targaryen,0,0.854638,0.145362
624,Jate,0,0.788258,0.211742
625,Jate Blackberry,1,0.040625,0.959375
626,Jasper Waynwood,1,0.095000,0.905000
627,Jayde,1,0.055000,0.945000
628,Jeffory Norcross,1,0.120000,0.880000
629,Jeffory Mallister,1,0.111667,0.888333
630,Jayne Bracken,1,0.020000,0.980000
631,Squinty Jeyne,1,0.030000,0.970000
632,Jeyne Fossoway,1,0.015000,0.985000
633,Jeyne Heddle,1,0.005000,0.995000
634,Jeyne Swann,1,0.070000,0.930000
635,Jeyne Westerling (wife of Maegor I),0,0.770000,0.230000
636,Jeyne Waters,0,0.898991,0.101009
637,Jeyne Westerling,1,0.332500,0.667500
638,Jocelyn Swyft,1,0.085000,0.915000
639,Jodge,1,0.180050,0.819950
640,Joanna Swyft,1,0.000000,1.000000
641,Joanna Lannister,0,0.900000,0.100000
642,Johanna Swann,1,0.065417,0.934583
643,Jommo,1,0.040000,0.960000
644,Jommy,1,0.217683,0.782317
645,Jon Cupps,1,0.015000,0.985000
646,Jon Heddle,1,0.190000,0.810000
647,Jon Hollard,1,0.035000,0.965000
648,Jon Penny,1,0.005000,0.995000
649,Jon Penrose,1,0.070429,0.929571
650,Jon Pox,1,0.000000,1.000000
651,Jon Vance,1,0.020000,0.980000
652,Jon Umber (Smalljon),0,0.785000,0.215000
653,Jon Umber (Greatjon),1,0.425000,0.575000
654,Jon Waters,0,0.795000,0.205000
655,Jorquen,1,0.140000,0.860000
656,Jorgen,1,0.032550,0.967450
657,Joseran,1,0.090000,0.910000
658,Joseth,1,0.155000,0.845000
659,Joseth Mallister,1,0.115000,0.885000
660,Joss,1,0.141945,0.858055
661,Joss the Gloom,1,0.000000,1.000000
662,Joth Quickbow,1,0.000000,1.000000
663,Josua Willum,1,0.172500,0.827500
664,Jurne,1,0.005000,0.995000
665,Jothos Slynt,1,0.050875,0.949125
666,Jyck,0,0.805424,0.194576
667,Jyzene,1,0.000000,1.000000
668,Kegs,1,0.072895,0.927105
669,Kella,1,0.017381,0.982619
670,Kemmett Pyke,1,0.000000,1.000000
671,Kenned,0,0.885000,0.115000
672,Ketter,1,0.029583,0.970417
673,Kirby Pimm,1,0.000000,1.000000
674,Kojja Mo,1,0.000000,1.000000
675,Kirth Vance,1,0.005000,0.995000
676,Koss,0,0.939773,0.060227
677,Kromm,0,0.970000,0.030000
678,Kurz,0,0.939773,0.060227
679,Kyle,1,0.000000,1.000000
680,Kyle (brotherhood),0,0.558690,0.441310
681,Kyle Royce,1,0.130417,0.869583
682,Kyleg,1,0.005000,0.995000
683,Kym,1,0.020000,0.980000
684,Lamprey,1,0.023750,0.976250
685,Lancel V Lannister,1,0.000000,1.000000
686,Lanna,1,0.020000,0.980000
687,Lanna (Happy Port),1,0.020000,0.980000
688,Larraq,1,0.130000,0.870000
689,Layna,1,0.039583,0.960417
690,Lem,1,0.110000,0.890000
691,Leana Frey,1,0.010000,0.990000
692,Lennocks,1,0.016000,0.984000
693,Lem (Standfast),0,0.935000,0.065000
694,Lenn,1,0.000000,1.000000
695,Lenyl,1,0.306115,0.693885
696,Lenwood Tawney,1,0.000000,1.000000
697,Leo Tyrell (Longthorn),1,0.170000,0.830000
698,Leona Tyrell,1,0.000000,1.000000
699,Leo Tyrell (son of Victor),1,0.000000,1.000000
700,Lester,1,0.010000,0.990000
701,Lew (guard),1,0.063333,0.936667
702,Lewis Lanster,1,0.025000,0.975000
703,Lewys Piper,1,0.040000,0.960000
704,Leyla Hightower,1,0.005000,0.995000
705,Lia Serry,1,0.000000,1.000000
706,Liane Vance,1,0.005000,0.995000
707,Lister,1,0.000000,1.000000
708,Long Lew,1,0.356870,0.643130
709,Lorcas,1,0.040000,0.960000
710,Lorent Lorch,1,0.015000,0.985000
711,Lorimer,0,0.845000,0.155000
712,Lorren,0,0.052792,0.947208
713,Lothar,1,0.061294,0.938706
714,Lorent Tyrell,1,0.000000,1.000000
715,Lotho Lornel,1,0.000000,1.000000
716,Lucan,0,0.955000,0.045000
717,Lucamore Strong,1,0.140000,0.860000
718,Lucantine Woodwright,1,0.035000,0.965000
719,Lucas Nayland,1,0.090000,0.910000
720,Lucas Roote,0,0.155000,0.845000
721,Lucifer Hardy,1,0.145000,0.855000
722,Luco Prestayn,1,0.000000,1.000000
723,Lucimore Botley,1,0.435167,0.564833
724,Lucos,1,0.005000,0.995000
725,Luke of Longtown,1,0.062411,0.937589
726,Lucas Tyrell,1,0.000000,1.000000
727,Lum,1,0.080000,0.920000
728,Luton,0,0.740000,0.260000
729,Luthor Tyrell (son of Moryn),1,0.010000,0.990000
730,Luthor Tyrell (son of Theodore),1,0.000000,1.000000
731,Lymond Mallister,1,0.042083,0.957917
732,Lync,1,0.045000,0.955000
733,Lyonel (knight),1,0.270000,0.730000
734,Lyonel Bentley,0,0.915000,0.085000
735,Lyonel Tyrell (lord),0,0.820000,0.180000
736,Lysa Meadows,1,0.000000,1.000000
737,Lyonel Tyrell (son of Leo),1,0.000000,1.000000
738,Maddy,1,0.020000,0.980000
739,Maerie (Goodwife),1,0.016417,0.983583
740,Maerie (Whore),0,0.257976,0.742024
741,Maggy,1,0.005000,0.995000
742,Malcolm,1,0.255000,0.745000
743,Malleon,1,0.101667,0.898333
744,Malliard,1,0.085000,0.915000
745,Mallor (Knight),1,0.000000,1.000000
746,Mallor,1,0.822451,0.177549
747,Manfred Dondarrion,1,0.061500,0.938500
748,Manfred Lothston,1,0.138879,0.861121
749,Manfred Swann,1,0.090000,0.910000
750,Manfryd Lothston,1,0.060000,0.940000
751,Manfryd Yew,1,0.010000,0.990000
752,Marei,1,0.324000,0.676000
753,Marghaz zo Loraq,1,0.065000,0.935000
754,Maris,1,0.243333,0.756667
755,Marq Grafton,0,0.770000,0.230000
756,Martyn Mullendore,1,0.015000,0.985000
757,Maslyn,0,0.825872,0.174128
758,Mathos Mallarawan,1,0.005000,0.995000
759,Matrice,1,0.025000,0.975000
760,Matt,1,0.000000,1.000000
761,Maynard,1,0.059333,0.940667
762,Maynard Plumm,1,0.077679,0.922321
763,Mazdhan zo Loraq,1,0.095000,0.905000
764,Mebble,1,0.599208,0.400792
765,Meha,1,0.931188,0.068812
766,Mela,1,0.020000,0.980000
767,Meizo Mahr,1,0.000000,1.000000
768,Melaquin,1,0.010000,0.990000
769,Medwick Tyrell,1,0.000000,1.000000
770,Meliana,1,0.053542,0.946458
771,Melicent,1,0.000000,1.000000
772,Mellei,1,0.005000,0.995000
773,Melly,1,0.027792,0.972208
774,Mellos,1,0.499607,0.500393
775,Meralyn,1,0.021667,0.978333
776,Merling Queen,1,0.005833,0.994167
777,Mero,0,0.695000,0.305000
778,Merrell Florent,1,0.005000,0.995000
779,Michael Mertyns,1,0.065000,0.935000
780,Miklaz,1,0.029167,0.970833
781,Mollander,1,0.000000,1.000000
782,Mollos,1,0.000000,1.000000
783,Moonshadow,1,0.000000,1.000000
784,Moreo Tumitis,1,0.126675,0.873325
785,Morgarth,1,0.025000,0.975000
786,Moro,1,0.125000,0.875000
787,Morra,1,0.005000,0.995000
788,Morrec,0,0.805424,0.194576
789,Mors Manwoody,1,0.014000,0.986000
790,Mortimer Boggs,1,0.067500,0.932500
791,Mors Martell (brother of Doran),0,0.055000,0.945000
792,Mother Mole,1,0.005000,0.995000
793,Mudge (brotherhood),1,0.558690,0.441310
794,Mudge (miller),1,0.016000,0.984000
795,Mudge (swineherd),1,0.000000,1.000000
796,Munciter,1,0.085000,0.915000
797,Mully,1,0.583573,0.416427
798,Murch,1,0.939773,0.060227
799,Murch (Winterfell),1,0.450000,0.550000
800,Myles (squire),0,0.435000,0.565000
801,Myrtle,0,0.931188,0.068812
802,Nage,1,0.045000,0.955000
803,Nail,1,0.030000,0.970000
804,Narbert,1,0.005000,0.995000
805,Narbo,1,0.000000,1.000000
806,Nan,1,0.200000,0.800000
807,Ned (ferryman),1,0.777298,0.222702
808,Nella,1,0.010000,0.990000
809,Ned Woods,1,0.090000,0.910000
810,Nissa Nissa,1,0.203629,0.796371
811,Nightingale,1,0.000000,1.000000
812,Nolla,1,0.016417,0.983583
813,Norjen,1,0.015000,0.985000
814,Norren,1,0.000000,1.000000
815,Nymos,1,0.000000,1.000000
816,Normund Tyrell,1,0.020000,0.980000
817,Ocley,1,0.000000,1.000000
818,Ogo,0,0.820000,0.180000
819,Old Crackbones,1,0.000000,1.000000
820,Old Grey Gull,1,0.005000,0.995000
821,Old Tattersalt,1,0.127895,0.872105
822,Old Henly,0,0.965667,0.034333
823,Olyvar Oakheart,0,0.820000,0.180000
824,Olene Tyrell,1,0.000000,1.000000
825,Orbelo,1,0.000000,1.000000
826,Orivel,1,0.010000,0.990000
827,Orell,0,0.673083,0.326917
828,Ormond (knight),0,0.870000,0.130000
829,Ormond Osgrey,1,0.096667,0.903333
830,Ormond Westerling,1,0.240000,0.760000
831,Oro Tendyris,1,0.060000,0.940000
832,Ormund Wylde,1,0.175000,0.825000
833,Osmynd,1,0.130000,0.870000
834,Ossy,1,0.005000,0.995000
835,Oswyn,1,0.045000,0.955000
836,Othor,0,0.774167,0.225833
837,Otter Gimpknee,1,0.010000,0.990000
838,Ottomore,1,0.000000,1.000000
839,Owen (brother of Meribald),1,0.000000,1.000000
840,Owen,1,0.549201,0.450799
841,Owen Inchfield,1,0.050000,0.950000
842,Palla,1,0.125000,0.875000
843,Pate (Old),1,0.016000,0.984000
844,Pate (Mory),1,0.000000,1.000000
845,Pate (Lancewood),1,0.016000,0.984000
846,Pate (Pinchbottom),0,0.000000,1.000000
847,Pate (Night's Watch),1,0.107833,0.892167
848,Pate (Shermer's Grove),1,0.777298,0.222702
849,Pate (Standfast),0,0.890000,0.110000
850,Penny Jenny,1,0.000000,1.000000
851,Penny,1,0.090863,0.909137
852,Perros Blackmont,1,0.015000,0.985000
853,Perwyn Osgrey,1,0.096667,0.903333
854,Peter Plumm,1,0.010000,0.990000
855,Plummer,1,0.083750,0.916250
856,Poetess,1,0.000000,1.000000
857,Pollitor,1,0.061667,0.938333
858,Porridge,1,0.023750,0.976250
859,Porther,1,0.240000,0.760000
860,Portifer Woodwright,1,0.035000,0.965000
861,Poul Pemford,0,0.861354,0.138646
862,Poxy Tym,0,0.835000,0.165000
863,Praed,0,0.599208,0.400792
864,Puckens,1,0.000000,1.000000
865,Pudding,1,0.000000,1.000000
866,Puddingfoot,1,0.116833,0.883167
867,Qalen,1,0.120000,0.880000
868,Qarl the Thrall,1,0.000000,1.000000
869,Qarl Kenning,1,0.096548,0.903452
870,Qarl Correy,1,0.141679,0.858321
871,Qarl Shepherd,1,0.178750,0.821250
872,Qarl Quickaxe,1,0.090644,0.909356
873,Qos,1,0.166357,0.833643
874,Quellon Humble,1,0.020000,0.980000
875,Quaro,0,0.523980,0.476020
876,Aelinor Penrose,1,0.148750,0.851250
877,Aemon Estermont,1,0.055000,0.945000
878,Aemon Rivers,1,0.090000,0.910000
879,Aglantine,1,0.000000,1.000000
880,Aladale Wynch,0,0.865000,0.135000
881,Albett,1,0.000000,1.000000
882,Albar Royce,1,0.020000,0.980000
883,Alesander Staedmon,1,0.107000,0.893000
884,Alekyne Florent,1,0.010000,0.990000
885,Alesander Frey,1,0.015000,0.985000
886,Alester Norcross,1,0.000000,1.000000
887,Allard Seaworth,0,0.875000,0.125000
888,Allar Deem,0,0.817500,0.182500
889,Alla Tyrell,1,0.025000,0.975000
890,Alyn Cockshaw,0,0.885000,0.115000
891,Alyce Graceford,1,0.090000,0.910000
892,Alyn Connington,1,0.085000,0.915000
893,Alyn Ambrose,1,0.405000,0.595000
894,Alyn Estermont,1,0.055000,0.945000
895,Alyn Stackspear,1,0.020000,0.980000
896,Alyn Frey,1,0.000000,1.000000
897,Alyn Haigh,1,0.075000,0.925000
898,Alysanne Bulwer,1,0.020000,0.980000
899,Alysanne Lefford,1,0.105000,0.895000
900,Alys Frey,1,0.000000,1.000000
901,Alyssa Blackwood,0,0.750000,0.250000
902,Alyx Frey,1,0.023333,0.976667
903,Amarei Crakehall,0,0.790000,0.210000
904,Ambrose Butterwell,0,0.885000,0.115000
905,Andar Royce,1,0.100000,0.900000
906,Andros Brax,0,0.880000,0.120000
907,Antario Jast,1,0.122000,0.878000
908,Andrew Estermont,1,0.048000,0.952000
909,Annara Farring,1,0.060000,0.940000
910,Ardrian Celtigar,1,0.667009,0.332991
911,Anya Waynwood,1,0.090000,0.910000
912,Androw Frey,1,0.000000,1.000000
913,Armond Caswell,1,0.141210,0.858790
914,Arthur Ambrose,1,0.035000,0.965000
915,Arthor Karstark,1,0.030000,0.970000
916,Arwyn Frey,1,0.045000,0.955000
917,Artos Stark,1,0.048292,0.951708
918,Arwood Frey,1,0.265000,0.735000
919,Lord Ashford,1,0.140000,0.860000
920,Azzak,1,0.020000,0.980000
921,Baelor Hightower,1,0.050000,0.950000
922,Balman Byrch,0,0.740000,0.260000
923,Barth,0,0.725000,0.275000
924,Bayard Norcross,1,0.010000,0.990000
925,Bedwyck,1,0.246593,0.753407
926,Barthogan Stark,1,0.036083,0.963917
927,Bellena Hawick,1,0.000000,1.000000
928,Benedar Belmore,1,0.030000,0.970000
929,Benedict Broom,1,0.020000,0.980000
930,Bennard Brune,1,0.060000,0.940000
931,Benfrey Frey,0,0.710000,0.290000
932,Beren Tallhart,1,0.075000,0.925000
933,Berena Hornwood,1,0.035000,0.965000
934,Beth Cassel,1,0.180000,0.820000
935,Beron Stark,1,0.406766,0.593234
936,Bhakaz zo Loraq,1,0.060000,0.940000
937,Bethany Redwyne,1,0.280000,0.720000
938,Bethany Rosby,0,0.790000,0.210000
939,Black Bernarr,1,0.549201,0.450799
940,Betharios of Braavos,1,0.000000,1.000000
941,Boremund Harlaw,1,0.105000,0.895000
942,Bradamar Frey,1,0.000000,1.000000
943,Branston Cuy,1,0.010000,0.990000
944,Brandon Tallhart,1,0.095000,0.905000
945,Bryan Fossoway,0,0.647500,0.352500
946,Bryan Frey,1,0.000000,1.000000
947,Bryen Farring,0,0.399500,0.600500
948,Bryen Caron,0,0.261210,0.738790
949,Burton Crakehall,0,0.385000,0.615000
950,Craghas Drahar,0,0.162091,0.837909
951,Carolei Waynwood,1,0.000000,1.000000
952,Lord Caswell,1,0.065000,0.935000
953,Cayn,0,0.816667,0.183333
954,Cerenna Lannister,1,0.020000,0.980000
955,Cersei Frey,1,0.010000,0.990000
956,Chayle,0,0.881457,0.118543
957,Clarent Crakehall,0,0.860000,0.140000
958,Clement Crabb,1,0.015000,0.985000
959,Clement Piper,1,0.055000,0.945000
960,Cley Cerwyn,0,0.855000,0.145000
961,Clubfoot Karl,0,0.549201,0.450799
962,Conwy,1,0.325000,0.675000
963,Colin Florent,1,0.045000,0.955000
964,Colmar Frey,1,0.005000,0.995000
965,Corliss Penny,1,0.025000,0.975000
966,Creighton Redfort,1,0.020000,0.980000
967,Cuger,1,0.000000,1.000000
968,Cregan Stark,0,0.854409,0.145591
969,Cyrenna Swann,0,0.725000,0.275000
970,Cynthea Frey,1,0.000000,1.000000
971,Daegon Shepherd,1,0.015417,0.984583
972,Daeron Vaith,1,0.003333,0.996667
973,Dafyn Vance,1,0.040000,0.960000
974,Dagon Greyjoy,1,0.075000,0.925000
975,Dalbridge,0,0.910000,0.090000
976,Damon Paege,1,0.180000,0.820000
977,Damon Shett,1,0.070000,0.930000
978,Damon Vypren,1,0.090000,0.910000
979,Dancy,1,0.152000,0.848000
980,Dareon,0,0.695000,0.305000
981,Darlessa Marbrand,1,0.145000,0.855000
982,Daryn Hornwood,0,0.370952,0.629048
983,Danwell Frey,1,0.040000,0.960000
984,Deana Hardyng,1,0.000000,1.000000
985,Delena Florent,1,0.000000,1.000000
986,Della Frey,1,0.000000,1.000000
987,Delp,0,0.945000,0.055000
988,Delonne Allyrion,1,0.015000,0.985000
989,Denys Darklyn,1,0.045000,0.955000
990,Denys Arryn,0,0.875000,0.125000
991,Dermot,1,0.185000,0.815000
992,Desmond,0,0.914643,0.085357
993,Desmond Redwyne,1,0.045000,0.955000
994,Deziel Dalt,1,0.030694,0.969306
995,Dickon Tarly,1,0.125000,0.875000
996,Dickon Frey,1,0.000000,1.000000
997,Dirk,0,0.549201,0.450799
998,Dolf,1,0.110000,0.890000
999,Donnel Haigh,1,0.050000,0.950000
1000,Donnel of Duskendale,1,0.010000,0.990000
1001,Donnel Locke,0,0.892500,0.107500
1002,Donnel Waynwood,1,0.075000,0.925000
1003,Donnor Stark,1,0.036083,0.963917
1004,Dormund,0,0.306115,0.693885
1005,Duram Bar Emmon,1,0.090000,0.910000
1006,Ebben,0,0.855000,0.145000
1007,Edderion Stark,1,0.005000,0.995000
1008,Edmyn Tully,1,0.235000,0.765000
1009,Eddara Tallhart,1,0.040000,0.960000
1010,Edrick Stark,1,0.005000,0.995000
1011,Edwyd Fossoway,0,0.880000,0.120000
1012,Edwyn Stark,1,0.020000,0.980000
1013,Edwyle Stark,1,0.406766,0.593234
1014,Elder Brother,1,0.125000,0.875000
1015,Elbert Arryn,0,0.820000,0.180000
1016,Eleanor Mooton,1,0.080000,0.920000
1017,Ellery Vance,1,0.020000,0.980000
1018,Elron,1,0.025000,0.975000
1019,Elinor Tyrell,1,0.035000,0.965000
1020,Elmar Frey,1,0.115000,0.885000
1021,Elwood,0,0.945000,0.055000
1022,Elwood Meadows,1,0.055000,0.945000
1023,Elyana Vypren,1,0.000000,1.000000
1024,Elyn Norridge,1,0.000000,1.000000
1025,Emberlei Frey,1,0.000000,1.000000
1026,Endrew Tarth,0,0.595333,0.404667
1027,Eroeh,0,0.884833,0.115167
1028,Eon Hunter,0,0.180000,0.820000
1029,Ermesande Hayford,1,0.125000,0.875000
1030,Erena Glover,1,0.025000,0.975000
1031,Erren Florent,1,0.030000,0.970000
1032,Eustace Brune,1,0.035000,0.965000
1033,Eustace Hunter,1,0.005000,0.995000
1034,Eyron Stark,1,0.005000,0.995000
1035,Ferrego Antaryon,1,0.020000,0.980000
1036,Forley Prester,1,0.080000,0.920000
1037,Franklyn Fowler,1,0.005000,0.995000
1038,Flement Brax,1,0.140000,0.860000
1039,Frenken,1,0.410000,0.590000
1040,Franklyn Frey,1,0.145000,0.855000
1041,Gareth Clifton,1,0.060000,0.940000
1042,Garrison Prester,1,0.005000,0.995000
1043,Garth of Greenaway,0,0.549201,0.450799
1044,Garrett Flowers,1,0.015000,0.985000
1045,Garse Goodbrook,1,0.285000,0.715000
1046,Garse Flowers,1,0.005000,0.995000
1047,Garth Greenfield,1,0.380000,0.620000
1048,Garth Greyfeather,0,0.549201,0.450799
1049,Gawen Swann,0,0.637639,0.362361
1050,Gawen Glover,1,0.055000,0.945000
1051,Gawen Wylde,0,0.925000,0.075000
1052,Garth Tyrell,1,0.070000,0.930000
1053,Gendel,1,0.085000,0.915000
1054,Gawen Westerling,1,0.120000,0.880000
1055,Gerald Gower,1,0.070000,0.930000
1056,Gerold Grafton,1,0.085000,0.915000
1057,Gerardys,0,0.881667,0.118333
1058,Gilbert Farring,1,0.070000,0.930000
1059,Glendon Hewett,1,0.085071,0.914929
1060,Gilwood Hunter,1,0.050000,0.950000
1061,Godric Borrell,1,0.045000,0.955000
1062,Goodwin,1,0.075000,0.925000
1063,Gormon Peake,0,0.890000,0.110000
1064,Gorne,1,0.085000,0.915000
1065,Gormon Tyrell,1,0.050000,0.950000
1066,Grazdan mo Eraz,1,0.062500,0.937500
1067,Grazdan mo Ullhor,0,0.955000,0.045000
1068,Grazdar zo Galare,1,0.045000,0.955000
1069,Grubbs,0,0.980124,0.019876
1070,Gueren,1,0.110000,0.890000
1071,Guncer Sunglass,0,0.839688,0.160312
1072,Gulian Swann,1,0.120000,0.880000
1073,Guthor Grimm,1,0.023333,0.976667
1074,Gunthor Hightower,1,0.030000,0.970000
1075,Gyldayn,1,0.191389,0.808611
1076,Gwayne Hightower,0,0.925000,0.075000
1077,Hairy Hal,0,0.855000,0.145000
1078,Hake,0,0.924097,0.075903
1079,Halder,1,0.146071,0.853929
1080,Hallis Mollen,1,0.200000,0.800000
1081,Halmon Paege,1,0.095000,0.905000
1082,Harbert,1,0.120000,0.880000
1083,Harlan Hunter,1,0.040000,0.960000
1084,Harlen Tyrell,0,0.930000,0.070000
1085,Harmond Umber,1,0.113333,0.886667
1086,Harmune,1,0.389848,0.610152
1087,Harrold Westerling,0,0.786250,0.213750
1088,Harwood Fell,0,0.780000,0.220000
1089,Harwin Strong,0,0.850000,0.150000
1090,Harwood Stout,1,0.015000,0.985000
1091,Harys Haigh,1,0.082143,0.917857
1092,Helman Tallhart,0,0.810000,0.190000
1093,Lord Commander Hoare,1,0.405000,0.595000
1094,Hobber Redwyne,1,0.025000,0.975000
1095,Hoarfrost Umber,1,0.055000,0.945000
1096,Hosman Norcross,1,0.075000,0.925000
1097,Hoster Frey,1,0.000000,1.000000
1098,Horas Redwyne,1,0.035000,0.965000
1099,Hubard Rambton,0,0.940000,0.060000
1100,Horton Redfort,1,0.080000,0.920000
1101,Hotho Harlaw,1,0.020000,0.980000
1102,Hugo Wull,1,0.010000,0.990000
1103,Hugor of the Hill,1,0.079583,0.920417
1104,Hugo Vance,1,0.053333,0.946667
1105,Hullen,0,0.905000,0.095000
1106,Humfrey Beesbury,0,0.880000,0.120000
1107,Humfrey Hardyng,0,0.137095,0.862905
1108,Humfrey Swyft,1,0.000000,1.000000
1109,Humfrey Wagstaff,1,0.385000,0.615000
1110,Igon Vyrwel,1,0.020000,0.980000
1111,Jacks,1,0.066875,0.933125
1112,Janei Lannister,1,0.065000,0.935000
1113,Jammos Frey,1,0.270000,0.730000
1114,Janna Tyrell,1,0.025000,0.975000
1115,Jaremy Rykker,0,0.290000,0.710000
1116,Jarl,0,0.888333,0.111667
1117,Jason Lannister,0,0.800000,0.200000
1118,Jasper Arryn,1,0.120000,0.880000
1119,Jasper Redfort,1,0.020000,0.980000
1120,Jeren,1,0.000000,1.000000
1121,Jeyne Arryn,0,0.800000,0.200000
1122,Jeyne Beesbury,1,0.030000,0.970000
1123,Jeyne Darry,1,0.085000,0.915000
1124,Jeyne Goodbrook,1,0.015000,0.985000
1125,Jeyne Rivers,1,0.010000,0.990000
1126,Jeyne Lydden,1,0.000000,1.000000
1127,Joffrey Lonmouth,0,0.805000,0.195000
1128,Joffrey Caswell,0,0.567460,0.432540
1129,Jon Bettley,1,0.000000,1.000000
1130,Jon Brax,1,0.020000,0.980000
1131,Jon Lynderly,1,0.005000,0.995000
1132,Jon Myre,1,0.013889,0.986111
1133,Jon Redfort,1,0.020000,0.980000
1134,Jon Wylde,1,0.085000,0.915000
1135,Jonos Stark,1,0.005000,0.995000
1136,Jonos Frey,1,0.000000,1.000000
1137,Jonnel Stark,1,0.417503,0.582497
1138,Joramun,1,0.085000,0.915000
1139,Jorah Stark,1,0.005000,0.995000
1140,Jonothor Darry,0,0.855000,0.145000
1141,Jorelle Mormont,1,0.020000,0.980000
1142,Jyana,1,0.010000,0.990000
1143,Joy Hill,1,0.040000,0.960000
1144,Jyanna Frey,1,0.000000,1.000000
1145,Kaeth,0,0.381667,0.618333
1146,Jynessa Blackmont,1,0.030000,0.970000
1147,Karlon Stark,1,0.153333,0.846667
1148,Kedge Whiteye,1,0.235000,0.765000
1149,Kennos of Kayce,1,0.050476,0.949524
1150,Kezmya,1,0.020000,0.980000
1151,Kyra,0,0.740000,0.260000
1152,Kyra Frey,1,0.010000,0.990000
1153,Lambert Turnberry,1,0.015000,0.985000
1154,Lark,0,0.884722,0.115278
1155,Larence Snow,1,0.010000,0.990000
1156,Larra Blackmont,1,0.015000,0.985000
1157,Lanna Lannister,1,0.030000,0.970000
1158,Leathers,1,0.331000,0.669000
1159,Left Hand Lew,1,0.549201,0.450799
1160,Leo Lefford,0,0.825000,0.175000
1161,Leo Blackbar,1,0.035000,0.965000
1162,Leona Woolfield,1,0.035000,0.965000
1163,Leonette Fossoway,1,0.063214,0.936786
1164,Leonella Lefford,1,0.075000,0.925000
1165,Lester Morrigen,1,0.020000,0.980000
1166,Lewys the Fishwife,1,0.055000,0.945000
1167,Lewys Lydden,1,0.415000,0.585000
1168,Leslyn Haigh,1,0.080000,0.920000
1169,Lomas Estermont,1,0.010000,0.990000
1170,Lorent Marbrand,0,0.920000,0.080000
1171,Loreza Sand,1,0.050000,0.950000
1172,Lothar Mallery,0,0.880000,0.120000
1173,Lucas Corbray,1,0.005000,0.995000
1174,Lucas Codd,1,0.025000,0.975000
1175,Luceon Frey,1,0.210000,0.790000
1176,Lucias Vypren,1,0.053000,0.947000
1177,Lucos Chyttering,1,0.075000,0.925000
1178,Lucion Lannister,1,0.035000,0.965000
1179,Luthor Tyrell,1,0.105000,0.895000
1180,Lyanna Mormont,1,0.060000,0.940000
1181,Lyessa Flint,1,0.020000,0.980000
1182,Lyman Beesbury,0,0.958889,0.041111
1183,Lymond Goodbrook,1,0.043000,0.957000
1184,Lyman Darry,0,0.925000,0.075000
1185,Lymond Lychester,1,0.148333,0.851667
1186,Lymond Vikary,1,0.105000,0.895000
1187,Lyonel Selmy,1,0.190000,0.810000
1188,Aggo,1,0.065000,0.935000
1189,Alys Karstark,1,0.040000,0.960000
1190,Cleos Frey,0,0.210000,0.790000
1191,Dontos Hollard,0,0.368571,0.631429
1192,Craster,0,0.805333,0.194667
1193,Dale Seaworth,0,0.885000,0.115000
1194,Denys Mallister,1,0.088000,0.912000
1195,Edric Storm,1,0.120000,0.880000
1196,Hosteen Frey,1,0.235000,0.765000
1197,Lyonel Corbray,1,0.045000,0.955000
1198,Lyonel Frey,1,0.075000,0.925000
1199,Lyonel Strong,0,0.912000,0.088000
1200,Lythene Frey,1,0.075000,0.925000
1201,Lyra Mormont,1,0.025000,0.975000
1202,Maegelle Frey,1,0.065000,0.935000
1203,Mallador Locke,0,0.970000,0.030000
1204,Malwyn Frey,1,0.000000,1.000000
1205,Manfrey Martell,1,0.010000,0.990000
1206,Margot Lannister,1,0.060000,0.940000
1207,Maric Seaworth,0,0.625000,0.375000
1208,Marianne Vance,1,0.005000,0.995000
1209,Mariya Darry,1,0.045000,0.955000
1210,Marissa Frey,1,0.035000,0.965000
1211,Maron Martell,1,0.113250,0.886750
1212,Maron Volmark,1,0.180000,0.820000
1213,Marq Rankenfell,1,0.084286,0.915714
1214,Marsella Waynwood,1,0.000000,1.000000
1215,Matarys Targaryen,0,0.893750,0.106250
1216,Martyn Rivers,1,0.175000,0.825000
1217,Martyn Lannister,1,0.310042,0.689958
1218,Marwyn Belmore,1,0.045000,0.955000
1219,Mathis Frey,1,0.000000,1.000000
1220,Matthar,1,0.000000,1.000000
1221,Mawney,0,0.549201,0.450799
1222,Medgar Tully,0,0.825000,0.175000
1223,Medger Cerwyn,0,0.935000,0.065000
1224,Megga Tyrell,1,0.025000,0.975000
1225,Meldred Merlyn,1,0.060000,0.940000
1226,Melesa Crakehall,1,0.085000,0.915000
1227,Melara Crane,1,0.000000,1.000000
1228,Melessa Florent,1,0.000000,1.000000
1229,Mellara Rivers,1,0.010000,0.990000
1230,Melwyn Sarsfield,1,0.025000,0.975000
1231,Melwys Rivers,1,0.010000,0.990000
1232,Meredyth Crane,1,0.205000,0.795000
1233,Merianne Frey,1,0.000000,1.000000
1234,Merlon Crakehall,1,0.176667,0.823333
1235,Mezzara,1,0.065000,0.935000
1236,Mina Tyrell,1,0.045000,0.955000
1237,Moelle,1,0.000000,1.000000
1238,Monterys Velaryon,1,0.120000,0.880000
1239,Moredo Prestayn,1,0.010000,0.990000
1240,Monford Velaryon,0,0.880000,0.120000
1241,Moribald Chester,1,0.010000,0.990000
1242,Morton Waynwood,1,0.045000,0.955000
1243,Morya Frey,1,0.065000,0.935000
1244,Mullin,1,0.030000,0.970000
1245,Moryn Tyrell,1,0.005000,0.995000
1246,Munda,1,0.058881,0.941119
1247,Muttering Bill,0,0.549201,0.450799
1248,Mushroom,1,0.149280,0.850720
1249,Murmison,0,0.330000,0.670000
1250,Mylenda Caron,1,0.030000,0.970000
1251,Myles Smallwood,1,0.080000,0.920000
1252,Myles Mooton,0,0.880000,0.120000
1253,Myria Jordayne,1,0.058009,0.941991
1254,Myles Manwoody,1,0.028333,0.971667
1255,Mysaria,1,0.076250,0.923750
1256,Myrielle Lannister,1,0.020000,0.980000
1257,Noho Dimittis,1,0.020000,0.980000
1258,Norne Goodbrother,1,0.051667,0.948333
1259,Norbert Vance,1,0.053333,0.946667
1260,Nymella Toland,1,0.040000,0.960000
1261,Nysterica,1,0.045000,0.955000
1262,Ollidor,1,0.005000,0.995000
1263,Ollo Lophand,0,0.915000,0.085000
1264,Olyvar Frey,1,0.185000,0.815000
1265,Omer Blackberry,1,0.015000,0.985000
1266,Olymer Tyrell,1,0.000000,1.000000
1267,Ondrew Locke,1,0.025000,0.975000
1268,Orbert Caswell,0,0.695000,0.305000
1269,Ordello,0,0.805000,0.195000
1270,Omer Florent,1,0.005000,0.995000
1271,Orland of Oldtown,1,0.057000,0.943000
1272,Ormond Yronwood,1,0.221083,0.778917
1273,Orphan Oss,0,0.980124,0.019876
1274,Osbert Serry,1,0.010000,0.990000
1275,Osmund Frey,1,0.000000,1.000000
1276,Oswell Kettleblack,1,0.045000,0.955000
1277,Ossifer Plumm,0,0.050000,0.950000
1278,Otho Bracken,1,0.096250,0.903750
1279,Ottyn Wythers,0,0.924583,0.075417
1280,Owen Norrey,0,0.749375,0.250625
1281,Pate of the Blue Fork,0,0.180000,0.820000
1282,Patrek Mallister,1,0.100000,0.900000
1283,Patrek Vance,1,0.005000,0.995000
1284,Perriane Frey,1,0.050000,0.950000
1285,Perra Frey,1,0.000000,1.000000
1286,Perwyn Frey,1,0.250000,0.750000
1287,Philip Foote,1,0.433750,0.566250
1288,Philip Plumm,1,0.045000,0.955000
1289,Pono,1,0.050000,0.950000
1290,Qarro Volentin,1,0.025000,0.975000
1291,Qarlton Chelsted,0,0.760000,0.240000
1292,Lord Commander Qorgyle,0,0.780000,0.220000
1293,Quent,1,0.146667,0.853333
1294,Quenten Banefort,1,0.040000,0.960000
1295,Quenton Hightower,1,0.045000,0.955000
1296,Quentyn Ball,0,0.142095,0.857905
1297,Quentyn Qorgyle,1,0.020000,0.980000
1298,Quincy Cox,1,0.105000,0.895000
1299,Ragwyle,1,0.342500,0.657500
1300,Ralf Kenning,0,0.650000,0.350000
1301,Raymun Redbeard,0,0.808750,0.191250
1302,Raynard,1,0.005000,0.995000
1303,Raynald Westerling,0,0.805000,0.195000
1304,Red Alyn of the Rosewood,0,0.787619,0.212381
1305,Raynard Ruttiger,1,0.005000,0.995000
1306,Raymund Frey,1,0.215000,0.785000
1307,Regenard Estren,1,0.030000,0.970000
1308,Renly Norcross,1,0.005000,0.995000
1309,Renfred Rykker,1,0.003333,0.996667
1310,Rhea Royce,0,0.875000,0.125000
1311,Rennifer Longwaters,1,0.010000,0.990000
1312,Rhea Florent,1,0.000000,1.000000
1313,Rhogoro,1,0.220000,0.780000
1314,Rickard Ryswell,1,0.005000,0.995000
1315,Rickard Thorne,0,0.875000,0.125000
1316,Rickard Wylde,1,0.095000,0.905000
1317,Robert Frey,1,0.000000,1.000000
1318,Robert Flowers,1,0.010000,0.990000
1319,Robert Brax,0,0.895000,0.105000
1320,Robin Hill,1,0.084286,0.915714
1321,Robin Flint,0,0.857500,0.142500
1322,Robin Moreland,1,0.030000,0.970000
1323,Robin Ryger,1,0.060000,0.940000
1324,Rodrik Flint,1,0.220000,0.780000
1325,Rodrik Stark,1,0.288333,0.711667
1326,Rodrik Ryswell,1,0.110000,0.890000
1327,Roger Hogg,1,0.025000,0.975000
1328,Rodwell Stark,1,0.406766,0.593234
1329,Rolland Longthorpe,1,0.000000,1.000000
1330,Rolland Uffering,1,0.142500,0.857500
1331,Ronel Rivers,1,0.020000,0.980000
1332,Ronald Connington,1,0.050000,0.950000
1333,Ronald Vance,1,0.020000,0.980000
1334,Roro Uhoris,1,0.080000,0.920000
1335,Royce Coldwater,1,0.010000,0.990000
1336,Rufus Leek,1,0.010000,0.990000
1337,Rugen,1,0.045000,0.955000
1338,Runcel Hightower,1,0.165000,0.835000
1339,Rupert Brax,0,0.945000,0.055000
1340,Rycherd Crane,1,0.015000,0.985000
1341,Ryam Redwyne,0,0.795000,0.205000
1342,Ryam Florent,1,0.030000,0.970000
1343,Ryger Rivers,1,0.185000,0.815000
1344,Ryella Frey,1,0.000000,1.000000
1345,Ryella Royce,1,0.030000,0.970000
1346,Rylene Florent,1,0.000000,1.000000
1347,Ryon Allyrion,1,0.050000,0.950000
1348,Saera Targaryen,0,1.000000,0.000000
1349,Sallei Paege,1,0.000000,1.000000
1350,Sandor Frey,1,0.000000,1.000000
1351,Sarya Whent,1,0.110000,0.890000
1352,Sarra Frey,1,0.005000,0.995000
1353,Sawane Botley,0,0.735000,0.265000
1354,Scolera,1,0.000000,1.000000
1355,Sebaston Farman,1,0.330000,0.670000
1356,Selwyn Tarth,1,0.157000,0.843000
1357,Selmond Stackspear,1,0.050000,0.950000
1358,Serala,1,0.023333,0.976667
1359,Serwyn of the Mirror Shield,1,0.035000,0.965000
1360,Serra Frey,1,0.005000,0.995000
1361,Shella Whent,0,0.785000,0.215000
1362,Shierle Swyft,1,0.000000,1.000000
1363,Shiera Crakehall,1,0.135000,0.865000
1364,Shirei Frey,1,0.020000,0.980000
1365,Simon Staunton,1,0.160000,0.840000
1366,Sigfryd Harlaw,1,0.015000,0.985000
1367,Lord Staunton,0,0.898750,0.101250
1368,Stannis Seaworth,1,0.166667,0.833333
1369,Steffon Seaworth,1,0.160000,0.840000
1370,Steffon Frey,1,0.010000,0.990000
1371,Steffon Swyft,1,0.035000,0.965000
1372,Steffon Darklyn,0,0.915000,0.085000
1373,Steffon Stackspear,1,0.075000,0.925000
1374,Sumner Crakehall,1,0.095000,0.905000
1375,Sylas Flatnose,1,0.047667,0.952333
1376,Sybell Spicer,1,0.045000,0.955000
1377,Symon Santagar,1,0.020000,0.980000
1378,Sybelle Glover,1,0.053333,0.946667
1379,Sylwa Paege,1,0.000000,1.000000
1380,Symon Hollard,1,0.035000,0.965000
1381,Symond Templeton,1,0.005000,0.995000
1382,Symond Frey,0,0.740000,0.260000
1383,Tallad,1,0.075000,0.925000
1384,Tanton Fossoway,1,0.135000,0.865000
1385,Ternesio Terys,1,0.060000,0.940000
1386,Terrence Kenning,1,0.035000,0.965000
1387,Theodan Wells,1,0.190000,0.810000
1388,Terrence Toyne,0,0.080000,0.920000
1389,Theodore Tyrell,1,0.000000,1.000000
1390,Theomar Smallwood,1,0.045000,0.955000
1391,Theomore Harlaw,1,0.160000,0.840000
1392,Tim Tangletongue,1,0.266015,0.733985
1393,Three-Tooth,1,0.040000,0.960000
1394,Titus Peake,1,0.195000,0.805000
1395,Tion Frey,0,0.815000,0.185000
1396,Todder,1,0.168025,0.831975
1397,Tomard,0,0.836667,0.163333
1398,Tommen Costayne,1,0.000000,1.000000
1399,Torbert,1,0.005000,0.995000
1400,Torren Liddle,1,0.025000,0.975000
1401,Torwynd,0,0.306115,0.693885
1402,Trebor Jordayne,1,0.010000,0.990000
1403,Tremond Gargalen,1,0.015000,0.985000
1404,Tristan Mudd,1,0.105000,0.895000
1405,Triston of Tally Hill,1,0.035000,0.965000
1406,Triston Farwynd,1,0.018750,0.981250
1407,Triston Sunderland,1,0.123125,0.876875
1408,Tybolt Hetherspoon,1,0.015000,0.985000
1409,Tybolt Crakehall,1,0.050000,0.950000
1410,Tybolt Lannister,0,0.975000,0.025000
1411,Tyana Wylde,1,0.015000,0.985000
1412,Tyta Frey,1,0.030000,0.970000
1413,Tyrek Lannister,0,0.790875,0.209125
1414,Tysane Frey,1,0.000000,1.000000
1415,Tytos Brax,1,0.375000,0.625000
1416,Tytos Frey,0,0.750000,0.250000
1417,Tywin Frey,1,0.025000,0.975000
1418,Ulrick Dayne,1,0.120000,0.880000
1419,Ulwyck Uller,1,0.015139,0.984861
1420,Unella,1,0.045000,0.955000
1421,Utherydes Wayn,1,0.135000,0.865000
1422,Uthor Tollett,1,0.028333,0.971667
1423,Vaemond Velaryon,0,0.900000,0.100000
1424,Valaena Velaryon,1,0.258000,0.742000
1425,Vayon Poole,0,0.914722,0.085278
1426,Vickon Greyjoy,0,0.885000,0.115000
1427,Viserys Plumm,0,0.830000,0.170000
1428,Vylarr,1,0.190000,0.810000
1429,Vortimer Crane,1,0.030000,0.970000
1430,Walda Rivers,1,0.000000,1.000000
1431,Walder Haigh,1,0.010000,0.990000
1432,Walder Brax,1,0.020000,0.980000
1433,Walder Goodbrook,1,0.010000,0.990000
1434,Waldon Wynch,1,0.265000,0.735000
1435,Wallace Waynwood,1,0.020000,0.980000
1436,Walgrave,1,0.030000,0.970000
1437,Walder Vance,1,0.010000,0.990000
1438,Walton Stark,1,0.068333,0.931667
1439,Walton Frey,1,0.095000,0.905000
1440,Warryn Beesbury,1,0.060000,0.940000
1441,Waltyr Frey,1,0.005000,0.995000
1442,Wendel Frey,1,0.010000,0.990000
1443,Whalen Frey,1,0.125000,0.875000
1444,Willamen Frey,1,0.050000,0.950000
1445,Willam Wells,0,0.820000,0.180000
1446,Willem Darry,0,0.860000,0.140000
1447,Willam Wythers,1,0.095000,0.905000
1448,Willem Lannister,0,0.480788,0.519212
1449,Willem Frey,1,0.005000,0.995000
1450,Willam Stark,0,0.406766,0.593234
1451,William Mooton,1,0.085000,0.915000
1452,Wynton Stout,1,0.158333,0.841667
1453,Wynafrei Whent,1,0.020000,0.980000
1454,Ysilla Royce,1,0.035000,0.965000
1455,Zachery Frey,1,0.000000,1.000000
1456,Zhoe Blanetree,1,0.000000,1.000000
1457,Zia Frey,1,0.000000,1.000000
1458,Addam Marbrand,1,0.115000,0.885000
1459,Aegor Rivers,0,0.395000,0.605000
1460,Aenys Frey,0,0.655000,0.345000
1461,Aerion Targaryen,0,0.895000,0.105000
1462,Aemond Targaryen,0,0.950000,0.050000
1463,Amerei Frey,1,0.052000,0.948000
1464,Androw Ashford,1,0.095000,0.905000
1465,Anders Yronwood,1,0.028333,0.971667
1466,Arnolf Karstark,1,0.040000,0.960000
1467,Arya Stark,1,0.110000,0.890000
1468,Axell Florent,1,0.045000,0.955000
1469,Aurane Waters,1,0.120000,0.880000
1470,Ben Plumm,1,0.120750,0.879250
1471,Benfred Tallhart,0,0.795000,0.205000
1472,Boros Blount,1,0.045000,0.955000
1473,Black Balaq,1,0.088917,0.911083
1474,Bloodbeard,1,0.044000,0.956000
1475,Bran Stark,1,0.120000,0.880000
1476,Bronn,1,0.060000,0.940000
1477,Bryce Caron,0,0.523750,0.476250
1478,Butterbumps,1,0.050000,0.950000
1479,Cassana Estermont,0,0.212500,0.787500
1480,Chett,0,0.924097,0.075903
1481,Clayton Suggs,1,0.060000,0.940000
1482,Cersei Lannister,1,0.089167,0.910833
1483,Chiswyck,0,0.762000,0.238000
1484,Cleon,0,0.704583,0.295417
1485,Cohollo,0,0.875000,0.125000
1486,Cortnay Penrose,0,0.915000,0.085000
1487,Cotter Pyke,1,0.304476,0.695524
1488,Cragorn,0,0.730000,0.270000
1489,Crawn,1,0.068333,0.931667
1490,Creighton Longbough,1,0.085000,0.915000
1491,Cressen,0,0.781850,0.218150
1492,Daario Naharis,1,0.105000,0.895000
1493,Dagmer,1,0.210000,0.790000
1494,Dagos Manwoody,1,0.018333,0.981667
1495,Danelle Lothston,1,0.095000,0.905000
1496,Dalla,0,0.955000,0.045000
1497,Doran Martell,1,0.090000,0.910000
1498,Ebrose,1,0.000000,1.000000
1499,Eddison Tollett,1,0.074583,0.925417
1500,Edric Dayne,1,0.080000,0.920000
1501,Edwyn Frey,1,0.050000,0.950000
1502,Eldon Estermont,1,0.080000,0.920000
1503,Ellaria Sand,1,0.020000,0.980000
1504,Ethan Glover,0,0.785000,0.215000
1505,Emmon Frey,1,0.075000,0.925000
1506,Galbart Glover,1,0.230000,0.770000
1507,Gerold Hightower,0,0.860000,0.140000
1508,Ghost of High Heart,1,0.126000,0.874000
1509,Gerris Drinkwater,1,0.215000,0.785000
1510,Gilly,1,0.199306,0.800694
1511,Greydon Goodbrother,1,0.000000,1.000000
1512,Harmen Uller,1,0.033333,0.966667
1513,Gyles Rosby,0,0.865000,0.135000
1514,Harren Hoare,0,0.247264,0.752736
1515,Harras Harlaw,1,0.065000,0.935000
1516,Harrold Hardyng,1,0.025000,0.975000
1517,Helaena Targaryen,0,0.958750,0.041250
1518,Hodor,1,0.112500,0.887500
1519,Harrion Karstark,1,0.365000,0.635000
1520,Iggo,0,0.815000,0.185000
1521,Hother Umber,1,0.120000,0.880000
1522,Jalabhar Xho,1,0.060000,0.940000
1523,Janos Slynt,0,0.825000,0.175000
1524,Jared Frey,0,0.330000,0.670000
1525,Jasper Wylde,0,0.527321,0.472679
1526,Jhaqo,1,0.060000,0.940000
1527,Jeyne Lothston,0,0.955000,0.045000
1528,Jhiqui,1,0.090000,0.910000
1529,Jon Bulwer,1,0.010000,0.990000
1530,Jory Cassel,0,0.850000,0.150000
1531,Jorah Mormont,1,0.060000,0.940000
1532,Karyl Vance,1,0.020000,0.980000
1533,Khrazz,0,0.800000,0.200000
1534,Kurleket,0,0.790000,0.210000
1535,Lann the Clever,1,0.143800,0.856200
1536,Kyle Condon,1,0.060000,0.940000
1537,Lancel Lannister,1,0.060000,0.940000
1538,Likely Luke,1,0.000000,1.000000
1539,Lucas Inchfield,0,0.132095,0.867905
1540,Lollys Stokeworth,1,0.175000,0.825000
1541,Lyanna Stark,0,0.855000,0.145000
1542,Lyle Crakehall,1,0.035000,0.965000
1543,Lucas Blackwood,0,0.825000,0.175000
1544,Lyn Corbray,1,0.045000,0.955000
1545,Lynesse Hightower,1,0.046667,0.953333
1546,Mace Tyrell,1,0.087500,0.912500
1547,Mag Mar Tun Doh Weg,0,0.519167,0.480833
1548,Mandon Moore,0,0.905000,0.095000
1549,Mago,1,0.040000,0.960000
1550,Maron Botley,1,0.080000,0.920000
1551,Marillion,0,0.775000,0.225000
1552,Marya Seaworth,1,0.140000,0.860000
1553,Marwyn,1,0.045000,0.955000
1554,Masha Heddle,0,0.928125,0.071875
1555,Matthos Seaworth,0,0.705000,0.295000
1556,Meera Reed,1,0.060000,0.940000
1557,Melara Hetherspoon,0,0.055000,0.945000
